File,Link
amazon-sagemaker-toolkits.md, https://drive.google.com/file/d/1DT8Vq7MoWbDKRtb7MRx_CyyvG9WbfzY7/view?usp=drive_link
asff-resourcedetails-awssagemaker.md, https://drive.google.com/file/d/1RWIaSXU7xl83-PUw4UAxNQga40ZgLvzd/view?usp=drive_link
automating-sagemaker-with-eventbridge.md, https://drive.google.com/file/d/1KB7mRpNP-mM9EkaDXprG8r1Sef8Sd8oL/view?usp=drive_link
aws-properties-events-rule-sagemakerpipelineparameter.md, https://drive.google.com/file/d/13SHVCWehepW2NnjOdsYwe_tjsExuxlij/view?usp=drive_link
aws-properties-events-rule-sagemakerpipelineparameters.md, https://drive.google.com/file/d/1Y_UfFRkElQj22ke42fQIFLGSCEE-OT_-/view?usp=drive_link
aws-properties-greengrass-resourcedefinition-sagemakermachinelearningmodelresourcedata.md, https://drive.google.com/file/d/1ajsSEy1VWQKi2JB7_fmB2N2CBIrkNSmk/view?usp=drive_link
aws-properties-greengrass-resourcedefinitionversion-sagemakermachinelearningmodelresourcedata.md, https://drive.google.com/file/d/1vakYZRyulVzF8QbM4pxs9-ggI5l3w-DK/view?usp=drive_link
aws-properties-pipes-pipe-pipetargetsagemakerpipelineparameters.md, https://drive.google.com/file/d/1oUG2MBgH-q0a6qHNI5r4O5Q3kIwdSb-I/view?usp=drive_link
aws-properties-pipes-pipe-sagemakerpipelineparameter.md, https://drive.google.com/file/d/1itlCuDr2f2nSBlu2Lx8mT2bHhqSHaCaH/view?usp=drive_link
aws-properties-sagemaker-appimageconfig-filesystemconfig.md, https://drive.google.com/file/d/16_NQAZa4QarnikDO3Ec_asRfreBAlpmF/view?usp=drive_link
aws-properties-sagemaker-appimageconfig-kernelgatewayimageconfig.md, https://drive.google.com/file/d/1kMVblRXolgvFHq3xKrWjTFOnmnR2OfsR/view?usp=drive_link
aws-properties-sagemaker-appimageconfig-kernelspec.md, https://drive.google.com/file/d/1Ju_oL3QtsQwRpfTZzJjIhsPhzbJqf1IG/view?usp=drive_link
aws-properties-sagemaker-app-resourcespec.md, https://drive.google.com/file/d/1Zw38gtpD_PVx1xaN3mSI9uJqj6c2OsU5/view?usp=drive_link
aws-properties-sagemaker-coderepository-gitconfig.md, https://drive.google.com/file/d/1vbZT37oWNEi8hFM3Ak-6RO0ff1dHBM2M/view?usp=drive_link
aws-properties-sagemaker-dataqualityjobdefinition-batchtransforminput.md, https://drive.google.com/file/d/1zaamHXg9FNabZ0deEyUSS6o7FCqBc1VI/view?usp=drive_link
aws-properties-sagemaker-dataqualityjobdefinition-clusterconfig.md, https://drive.google.com/file/d/1hFS8_xdmDy6jQ7EzSVrX5gThgFVrJDb_/view?usp=drive_link
aws-properties-sagemaker-dataqualityjobdefinition-constraintsresource.md, https://drive.google.com/file/d/1rnk6Mwhcjb4i9LWmLIWL5XdSHFTHk9I6/view?usp=drive_link
aws-properties-sagemaker-dataqualityjobdefinition-csv.md, https://drive.google.com/file/d/1l1xP6L48CmbEs7Ki6_F8RwOskKOq60SL/view?usp=drive_link
aws-properties-sagemaker-dataqualityjobdefinition-dataqualityappspecification.md, https://drive.google.com/file/d/17uG0DumcgRaLvSxCEWkp2jO2riWAZZqd/view?usp=drive_link
aws-properties-sagemaker-dataqualityjobdefinition-dataqualitybaselineconfig.md, https://drive.google.com/file/d/17vzU-UgHW1F4p-a77CuHs4-6pIya5fAt/view?usp=drive_link
aws-properties-sagemaker-dataqualityjobdefinition-dataqualityjobinput.md, https://drive.google.com/file/d/1oqjQLZVsK_ne-lgrNDB0hHnXMyIEef5I/view?usp=drive_link
aws-properties-sagemaker-dataqualityjobdefinition-datasetformat.md, https://drive.google.com/file/d/1C5-fEMUp4e7Yevcx4VhTOSF2GLJFnBMP/view?usp=drive_link
aws-properties-sagemaker-dataqualityjobdefinition-endpointinput.md, https://drive.google.com/file/d/1gdJ3QnAhWVIja7s3sCVudaa0EJZ4xAaB/view?usp=drive_link
aws-properties-sagemaker-dataqualityjobdefinition-json.md, https://drive.google.com/file/d/145AI48oVKX08dPpYOgN9OKFoSQdAHCd1/view?usp=drive_link
aws-properties-sagemaker-dataqualityjobdefinition-monitoringoutput.md, https://drive.google.com/file/d/1kFlYhyzwxE2hG5Rg1iKKJEPqphKHIKSf/view?usp=drive_link
aws-properties-sagemaker-dataqualityjobdefinition-monitoringoutputconfig.md, https://drive.google.com/file/d/1Atbt6zkplnmMOW0NUvOLvVe77srHr52V/view?usp=drive_link
aws-properties-sagemaker-dataqualityjobdefinition-monitoringresources.md, https://drive.google.com/file/d/1nO7h7vQ-43orANr5-clmuMV-xzH5L68c/view?usp=drive_link
aws-properties-sagemaker-dataqualityjobdefinition-networkconfig.md, https://drive.google.com/file/d/1zhXOwJGLGAe87JHVmY8ghiCzWryl1534/view?usp=drive_link
aws-properties-sagemaker-dataqualityjobdefinition-s3output.md, https://drive.google.com/file/d/1OlkJAQHp_5Dy6KOsv_bN60LzXz19h1-U/view?usp=drive_link
aws-properties-sagemaker-dataqualityjobdefinition-statisticsresource.md, https://drive.google.com/file/d/1m0E0f-jSprE9jRVtJAAbsDAhdUeMq1oL/view?usp=drive_link
aws-properties-sagemaker-dataqualityjobdefinition-stoppingcondition.md, https://drive.google.com/file/d/1YIfM3afnAPEFI1I5rcfdf-HC4h-9a83n/view?usp=drive_link
aws-properties-sagemaker-dataqualityjobdefinition-vpcconfig.md, https://drive.google.com/file/d/1Io5PRB0hneMguzqo_ylc49muxwMRK4z_/view?usp=drive_link
aws-properties-sagemaker-device-device.md, https://drive.google.com/file/d/1VgvoAPJGl0lvCo_wQR_yYqGBXABOdINF/view?usp=drive_link
aws-properties-sagemaker-devicefleet-edgeoutputconfig.md, https://drive.google.com/file/d/1Vf7eEdnWBsczw0Z2uU7yUeMd3OrdE-Pz/view?usp=drive_link
aws-properties-sagemaker-domain-customimage.md, https://drive.google.com/file/d/1xexO1JnHNHLWishlrR1ENRC_kHeieaNp/view?usp=drive_link
aws-properties-sagemaker-domain-defaultspacesettings.md, https://drive.google.com/file/d/1-5X_Y-31rjswVjIzrMp_p4R2CwX4K9qF/view?usp=drive_link
aws-properties-sagemaker-domain-domainsettings.md, https://drive.google.com/file/d/1MJR0odpk1KyRmMkpTAdS65-0XzO2bZT0/view?usp=drive_link
aws-properties-sagemaker-domain-jupyterserverappsettings.md, https://drive.google.com/file/d/1cXWTDgR9FAOrHtuTH_bcjvGYF02V-gKD/view?usp=drive_link
aws-properties-sagemaker-domain-kernelgatewayappsettings.md, https://drive.google.com/file/d/1e8zWI4rCAgu-ND7tsl0OnEL6hHuRWE_k/view?usp=drive_link
aws-properties-sagemaker-domain-resourcespec.md, https://drive.google.com/file/d/1EIqB6SiY7eyrvvUdXJnyf4FuEqYGLKhT/view?usp=drive_link
aws-properties-sagemaker-domain-rsessionappsettings.md, https://drive.google.com/file/d/1_mQtxhSyOKm_p8TH0LLWIbex5U3hesvO/view?usp=drive_link
aws-properties-sagemaker-domain-rstudioserverproappsettings.md, https://drive.google.com/file/d/1MWgt1xYAL0JIGA9wfBUygPP3m8o1LJIW/view?usp=drive_link
aws-properties-sagemaker-domain-rstudioserverprodomainsettings.md, https://drive.google.com/file/d/1uB-RmHEiIEXeg7J44-yys-k08rKW7DIt/view?usp=drive_link
aws-properties-sagemaker-domain-sharingsettings.md, https://drive.google.com/file/d/1aod1Z8h-7OzmsVUt8_Uece-1Jv_26aex/view?usp=drive_link
aws-properties-sagemaker-domain-usersettings.md, https://drive.google.com/file/d/1OeLImvOZ6VDQBwMHbaUy0cFyoBmPkyx8/view?usp=drive_link
aws-properties-sagemaker-endpoint-alarm.md, https://drive.google.com/file/d/1a1uaHvtZenbGJZjCK3gZZO_89fRGY1Mp/view?usp=drive_link
aws-properties-sagemaker-endpoint-autorollbackconfig.md, https://drive.google.com/file/d/19twDlunQKh-Vf5AbEc9HgRWKO6tjUCFz/view?usp=drive_link
aws-properties-sagemaker-endpoint-bluegreenupdatepolicy.md, https://drive.google.com/file/d/1iHjuZyoiilF1ubvTwhpFw0fwI30lntz7/view?usp=drive_link
aws-properties-sagemaker-endpoint-capacitysize.md, https://drive.google.com/file/d/1niSyCJtAvusO9Dx-zmklFDXI2Iwlkjrz/view?usp=drive_link
aws-properties-sagemaker-endpointconfig-asyncinferenceclientconfig.md, https://drive.google.com/file/d/1qPRliRfbJ47AxeaeiICJYyYd7jlpfr80/view?usp=drive_link
aws-properties-sagemaker-endpointconfig-asyncinferenceconfig.md, https://drive.google.com/file/d/1IBEPwSj-iFF1CA2yqkT6ProKctmbVX8e/view?usp=drive_link
aws-properties-sagemaker-endpointconfig-asyncinferencenotificationconfig.md, https://drive.google.com/file/d/1WRsIS_YYCYuRJtJPKP8H3IdxjXE5hunj/view?usp=drive_link
aws-properties-sagemaker-endpointconfig-asyncinferenceoutputconfig.md, https://drive.google.com/file/d/1MBLRDOQpD1jERqWlXZ67K2TvObhzZpnq/view?usp=drive_link
aws-properties-sagemaker-endpointconfig-captureoption.md, https://drive.google.com/file/d/10O7nXiJjACf_3Lm_hFNlCKTNGnL1CwiZ/view?usp=drive_link
aws-properties-sagemaker-endpointconfig-clarifyexplainerconfig.md, https://drive.google.com/file/d/1z68hTMqjLLBumlwDxhC1JMy0zEBhL_yL/view?usp=drive_link
aws-properties-sagemaker-endpointconfig-clarifyfeaturetype.md, https://drive.google.com/file/d/12XZ2FTUstVn8bHZgeoJxAGNsG-dj_ny0/view?usp=drive_link
aws-properties-sagemaker-endpointconfig-clarifyheader.md, https://drive.google.com/file/d/1usomAJBpDXSX8MinfhlSBYd675jwJJYd/view?usp=drive_link
aws-properties-sagemaker-endpointconfig-clarifyinferenceconfig.md, https://drive.google.com/file/d/1ReKr6jYIU1q-Y5Ihest4vhAacp9Dugy9/view?usp=drive_link
aws-properties-sagemaker-endpointconfig-clarifyshapbaselineconfig.md, https://drive.google.com/file/d/1RbG-CbU8kXlfI97cyREz1Rz244PlB0KT/view?usp=drive_link
aws-properties-sagemaker-endpointconfig-clarifyshapconfig.md, https://drive.google.com/file/d/1A4OUuzcYS3xceVOt5vilkBcmhknbXbkX/view?usp=drive_link
aws-properties-sagemaker-endpointconfig-clarifytextconfig.md, https://drive.google.com/file/d/1Dy-ouo_vMw1i8GJtrPasaiHm6gofmMyq/view?usp=drive_link
aws-properties-sagemaker-endpointconfig-datacaptureconfig.md, https://drive.google.com/file/d/18_7jb4rXF6aoMth5Ov-dS4P-yyciYN_L/view?usp=drive_link
aws-properties-sagemaker-endpointconfig-datacaptureconfig-capturecontenttypeheader.md, https://drive.google.com/file/d/10YTr99hNn54ebGajhaKxZSV6SLQbUOpj/view?usp=drive_link
aws-properties-sagemaker-endpointconfig-explainerconfig.md, https://drive.google.com/file/d/1AKJO7BLfNsyWQUdPc-guchoRcwMZTu2P/view?usp=drive_link
aws-properties-sagemaker-endpointconfig-productionvariant.md, https://drive.google.com/file/d/1rkF5Y7h4qqYr4rrYbVhhlAvG61_Gq3oU/view?usp=drive_link
aws-properties-sagemaker-endpointconfig-productionvariant-serverlessconfig.md, https://drive.google.com/file/d/1yzxTaWqLY9CsXgv7wC5LI6ww5JiK67Ta/view?usp=drive_link
aws-properties-sagemaker-endpoint-deploymentconfig.md, https://drive.google.com/file/d/1RLrFnNPuquhO5H78o8ZGHbKzW9m9oeAY/view?usp=drive_link
aws-properties-sagemaker-endpoint-trafficroutingconfig.md, https://drive.google.com/file/d/1TaOGhdybv1qGKtba-B8hpwX1RdBgMmBX/view?usp=drive_link
aws-properties-sagemaker-endpoint-variantproperty.md, https://drive.google.com/file/d/1qcmAtKte0uNWIIFsnx5NVKkzga17beEY/view?usp=drive_link
aws-properties-sagemaker-featuregroup-datacatalogconfig.md, https://drive.google.com/file/d/1FvU-AyFH-s1yDDZp7dXkENphC9oQDLTe/view?usp=drive_link
aws-properties-sagemaker-featuregroup-featuredefinition.md, https://drive.google.com/file/d/1PDe4ZS9maHI2oBvj6tvUo3a3HonIlR-H/view?usp=drive_link
aws-properties-sagemaker-featuregroup-offlinestoreconfig.md, https://drive.google.com/file/d/1B-dc0X-VZYeU1Fo6U831jbRma7Vlj6in/view?usp=drive_link
aws-properties-sagemaker-featuregroup-onlinestoreconfig.md, https://drive.google.com/file/d/1IFycRAMPYbB8M2UlT_I6CROdMDyHI5KX/view?usp=drive_link
aws-properties-sagemaker-featuregroup-onlinestoresecurityconfig.md, https://drive.google.com/file/d/1svph9535O2HTnsjMmFZp689AmrU6tEw3/view?usp=drive_link
aws-properties-sagemaker-featuregroup-s3storageconfig.md, https://drive.google.com/file/d/1sn0zaTSiq2oIMot55XO8e51lHyYF4O_N/view?usp=drive_link
aws-properties-sagemaker-inferenceexperiment-capturecontenttypeheader.md, https://drive.google.com/file/d/1Zj0ry9vXYQSehX_N24D_M5_YxQR8qbj6/view?usp=drive_link
aws-properties-sagemaker-inferenceexperiment-datastorageconfig.md, https://drive.google.com/file/d/1HqW61QWJABKDReI7LweaNYJx1PHdz_JC/view?usp=drive_link
aws-properties-sagemaker-inferenceexperiment-endpointmetadata.md, https://drive.google.com/file/d/1Leku_1RdJBoumwefDVapu_MN3gvmNJxT/view?usp=drive_link
aws-properties-sagemaker-inferenceexperiment-inferenceexperimentschedule.md, https://drive.google.com/file/d/1e5KeZHcxyl2KS2fp_rUG2ShqS2921Co9/view?usp=drive_link
aws-properties-sagemaker-inferenceexperiment-modelinfrastructureconfig.md, https://drive.google.com/file/d/1vTHJRye9miRcjUvD3HRLmyxZk6tBffq_/view?usp=drive_link
aws-properties-sagemaker-inferenceexperiment-modelvariantconfig.md, https://drive.google.com/file/d/10hMDYwp5MKZIUzP1KPo7LCM6FlkCMjJC/view?usp=drive_link
aws-properties-sagemaker-inferenceexperiment-realtimeinferenceconfig.md, https://drive.google.com/file/d/1UB_ZrewBf03bWr3GRkjYIE-DoVH7znc3/view?usp=drive_link
aws-properties-sagemaker-inferenceexperiment-shadowmodeconfig.md, https://drive.google.com/file/d/1QCduBhy7TaTd_wxfR57WqfOZ0W3m5KsB/view?usp=drive_link
aws-properties-sagemaker-inferenceexperiment-shadowmodelvariantconfig.md, https://drive.google.com/file/d/1b_WxNPhAXOmb6q7T6HiYlV6Ozr-nIybs/view?usp=drive_link
aws-properties-sagemaker-modelbiasjobdefinition-batchtransforminput.md, https://drive.google.com/file/d/1-sae9-jvR3FLPNzeZ81VLb4yI_vWNRE1/view?usp=drive_link
aws-properties-sagemaker-modelbiasjobdefinition-clusterconfig.md, https://drive.google.com/file/d/1W_ABDZyKMKFECKNJ7OoaoF4ZnmSMZi_n/view?usp=drive_link
aws-properties-sagemaker-modelbiasjobdefinition-constraintsresource.md, https://drive.google.com/file/d/1gE01s8k-VAn8JPEyV7YK5azDw6LXIb2o/view?usp=drive_link
aws-properties-sagemaker-modelbiasjobdefinition-csv.md, https://drive.google.com/file/d/1vTfpfrXy2tk-xsSVc02AuKgo0JZWeB7S/view?usp=drive_link
aws-properties-sagemaker-modelbiasjobdefinition-datasetformat.md, https://drive.google.com/file/d/1hSkHQGCCLE8G4X_JFyFc_50OBoBGU7BQ/view?usp=drive_link
aws-properties-sagemaker-modelbiasjobdefinition-endpointinput.md, https://drive.google.com/file/d/1p3OSSBtQLPULVjX3aU7nCHt5sA7E5Q2Y/view?usp=drive_link
aws-properties-sagemaker-modelbiasjobdefinition-json.md, https://drive.google.com/file/d/16IPA3Y6yIDBsIIpKAo6iPXwpXE6UVOoz/view?usp=drive_link
aws-properties-sagemaker-modelbiasjobdefinition-modelbiasappspecification.md, https://drive.google.com/file/d/1u-MBhUGdoQ6_sq3ST0OI5c80nVyzhttB/view?usp=drive_link
aws-properties-sagemaker-modelbiasjobdefinition-modelbiasbaselineconfig.md, https://drive.google.com/file/d/1IGb_MAo94HuycCkAp6R-EtY7MFGWxdet/view?usp=drive_link
aws-properties-sagemaker-modelbiasjobdefinition-modelbiasjobinput.md, https://drive.google.com/file/d/1OXh6jGgCdVmdAENWN8aR8_CdcXHu72GX/view?usp=drive_link
aws-properties-sagemaker-modelbiasjobdefinition-monitoringgroundtruths3input.md, https://drive.google.com/file/d/1wNLGA5Zfp4FZD1r1WXNcXhgIcA2qhPXw/view?usp=drive_link
aws-properties-sagemaker-modelbiasjobdefinition-monitoringoutput.md, https://drive.google.com/file/d/1ivOUSxx0RB7jadx_Zu63YCyIQf4ozri4/view?usp=drive_link
aws-properties-sagemaker-modelbiasjobdefinition-monitoringoutputconfig.md, https://drive.google.com/file/d/1WtSc-NVwbhgEyVghbARtCsJ6NMjhpCPg/view?usp=drive_link
aws-properties-sagemaker-modelbiasjobdefinition-monitoringresources.md, https://drive.google.com/file/d/1ja04szrC_a0_RGqLwyWlt5RM9PGTHmc0/view?usp=drive_link
aws-properties-sagemaker-modelbiasjobdefinition-networkconfig.md, https://drive.google.com/file/d/1Zqtm28eadDCQT8XmbwZlLGED48F8xl9-/view?usp=drive_link
aws-properties-sagemaker-modelbiasjobdefinition-s3output.md, https://drive.google.com/file/d/1578k7R0Uo0jWMrsEJCg91XLH0tGAeTUU/view?usp=drive_link
aws-properties-sagemaker-modelbiasjobdefinition-stoppingcondition.md, https://drive.google.com/file/d/1JbEEumAiKa3MqJ5Y5rtCUBoqDEGuJpTd/view?usp=drive_link
aws-properties-sagemaker-modelbiasjobdefinition-vpcconfig.md, https://drive.google.com/file/d/1nM6UnYhrpA05YB_F-8KohitdbXGzYtzd/view?usp=drive_link
aws-properties-sagemaker-modelcard-additionalinformation.md, https://drive.google.com/file/d/1dZLBSl5hh-qOF7unM1gN97GKFeaATFuD/view?usp=drive_link
aws-properties-sagemaker-modelcard-businessdetails.md, https://drive.google.com/file/d/1gGRZDuZxFp06LFsaBb_Vvddzsv7wUYbS/view?usp=drive_link
aws-properties-sagemaker-modelcard-content.md, https://drive.google.com/file/d/1qYNLJmTBILK4GUw3otoD5kfsnbpySq7Z/view?usp=drive_link
aws-properties-sagemaker-modelcard-evaluationdetail.md, https://drive.google.com/file/d/1j2ymuNXfVS5XkYK6veqZkuGWehcT6--7/view?usp=drive_link
aws-properties-sagemaker-modelcard-function.md, https://drive.google.com/file/d/1W8yUc660bUOmIBgYB7OB7FwjADg-EuUF/view?usp=drive_link
aws-properties-sagemaker-modelcard-inferenceenvironment.md, https://drive.google.com/file/d/1P8zyfrypXL8P210ChcdNDcBPxMTqM1ZI/view?usp=drive_link
aws-properties-sagemaker-modelcard-intendeduses.md, https://drive.google.com/file/d/1BJ2iXYvgCXIlLucwy4S_1ZhshAEFp_Cx/view?usp=drive_link
aws-properties-sagemaker-modelcard-metricdataitems.md, https://drive.google.com/file/d/1P1IdH4B4kW1uSZBRuLeMoDAqAU17q_9I/view?usp=drive_link
aws-properties-sagemaker-modelcard-metricgroup.md, https://drive.google.com/file/d/1fFElcAJdZ_BUOUb3wLwARRqwCEcbTSkc/view?usp=drive_link
aws-properties-sagemaker-modelcard-modeloverview.md, https://drive.google.com/file/d/1h6Ks9FBo0c6TZsHxfiCWTcvlkqwUGOH4/view?usp=drive_link
aws-properties-sagemaker-modelcard-objectivefunction.md, https://drive.google.com/file/d/1IcGYdmTXDXy9spewRDcwZhJscM4cL0Hu/view?usp=drive_link
aws-properties-sagemaker-modelcard-securityconfig.md, https://drive.google.com/file/d/16RiAy2kQarPbihC-VOt9SVYocOp1Gj8K/view?usp=drive_link
aws-properties-sagemaker-modelcard-trainingdetails.md, https://drive.google.com/file/d/1VPDlp4ZgsYNr_vrYw3DPB_0mCWYiQ2S-/view?usp=drive_link
aws-properties-sagemaker-modelcard-trainingenvironment.md, https://drive.google.com/file/d/1A9kuwmngAiiZTX2cQKBrEqf1GzvLah3x/view?usp=drive_link
aws-properties-sagemaker-modelcard-traininghyperparameter.md, https://drive.google.com/file/d/1vwtZw7c6z1AqkfB1zBof3oe6kpLBaIPO/view?usp=drive_link
aws-properties-sagemaker-modelcard-trainingjobdetails.md, https://drive.google.com/file/d/1415ohxBUYKg0cBUTzNa0egQSVIqHkk6b/view?usp=drive_link
aws-properties-sagemaker-modelcard-trainingmetric.md, https://drive.google.com/file/d/1xi123a9SqwCwGqmutC6VSx15nnjNZhXj/view?usp=drive_link
aws-properties-sagemaker-modelcard-usercontext.md, https://drive.google.com/file/d/17VzT_ZC1w2wPM1C09tDbaCKabqc1JoE5/view?usp=drive_link
aws-properties-sagemaker-model-containerdefinition.md, https://drive.google.com/file/d/1UwLsxGJJe9MYMHQVw2JnvD5agPNWrU-m/view?usp=drive_link
aws-properties-sagemaker-model-containerdefinition-imageconfig.md, https://drive.google.com/file/d/1GdCUhe7bTO2-1R0dzEUSB6D7ciAyK2s9/view?usp=drive_link
aws-properties-sagemaker-model-containerdefinition-imageconfig-repositoryauthconfig.md, https://drive.google.com/file/d/1RMTFlkWPPoUH31xSr982ju2VqxSAfPE8/view?usp=drive_link
aws-properties-sagemaker-model-containerdefinition-multimodelconfig.md, https://drive.google.com/file/d/1FzY3ULC8rjALXGOQV2mVrT0Mo_KCLChU/view?usp=drive_link
aws-properties-sagemaker-modelexplainabilityjobdefinition-batchtransforminput.md, https://drive.google.com/file/d/190vH4O7U03uH0vBZpgdBql9znbfT0fNT/view?usp=drive_link
aws-properties-sagemaker-modelexplainabilityjobdefinition-clusterconfig.md, https://drive.google.com/file/d/1DyPXqkfny63ejZV7Y62gnxS2SNZhxOm0/view?usp=drive_link
aws-properties-sagemaker-modelexplainabilityjobdefinition-constraintsresource.md, https://drive.google.com/file/d/1faKVLy5tyXl4qfvuwJQmkDreu38hNdZF/view?usp=drive_link
aws-properties-sagemaker-modelexplainabilityjobdefinition-csv.md, https://drive.google.com/file/d/14LiVlYMFhyBZ_LS3Bgm-2q0PSYY6LI59/view?usp=drive_link
aws-properties-sagemaker-modelexplainabilityjobdefinition-datasetformat.md, https://drive.google.com/file/d/1YQsAABxcxFUNBFJ8hHylkEy7XmO_kAgH/view?usp=drive_link
aws-properties-sagemaker-modelexplainabilityjobdefinition-endpointinput.md, https://drive.google.com/file/d/1ayE2kELYK5CU9Jma10hSyU4yPrt_42sm/view?usp=drive_link
aws-properties-sagemaker-modelexplainabilityjobdefinition-json.md, https://drive.google.com/file/d/14tVZcPgMWy7PiThPb0_pOrJP2jmBU-ZF/view?usp=drive_link
aws-properties-sagemaker-modelexplainabilityjobdefinition-modelexplainabilityappspecification.md, https://drive.google.com/file/d/1g9gwWLk0erZ-4Xt0qDZYNAGwM-O8alCo/view?usp=drive_link
aws-properties-sagemaker-modelexplainabilityjobdefinition-modelexplainabilitybaselineconfig.md, https://drive.google.com/file/d/1O8EJuBAZCVq8fbFt5l3Vyew5qbwfYC6J/view?usp=drive_link
aws-properties-sagemaker-modelexplainabilityjobdefinition-modelexplainabilityjobinput.md, https://drive.google.com/file/d/1I7dTCsnB0TzmIU2vWRaVdNl0vGJezjvM/view?usp=drive_link
aws-properties-sagemaker-modelexplainabilityjobdefinition-monitoringoutput.md, https://drive.google.com/file/d/1f5iw5pnSwKvMsD1d1RXRC_Z9HiH5pmX8/view?usp=drive_link
aws-properties-sagemaker-modelexplainabilityjobdefinition-monitoringoutputconfig.md, https://drive.google.com/file/d/1w5P5fjXQhqx-wmC5UPPoHagxVOO1JMf6/view?usp=drive_link
aws-properties-sagemaker-modelexplainabilityjobdefinition-monitoringresources.md, https://drive.google.com/file/d/1LBbY4FnCgyB2ZVyardDen2cl-4V6LTRU/view?usp=drive_link
aws-properties-sagemaker-modelexplainabilityjobdefinition-networkconfig.md, https://drive.google.com/file/d/1LE3e3mj8wXhBWYR2gxFUQw1nVT-1V0Zw/view?usp=drive_link
aws-properties-sagemaker-modelexplainabilityjobdefinition-s3output.md, https://drive.google.com/file/d/1xibbuH2xT4NQDYiSC8Y8YmknaO1HggEf/view?usp=drive_link
aws-properties-sagemaker-modelexplainabilityjobdefinition-stoppingcondition.md, https://drive.google.com/file/d/1EL1GlQ3tskcgbOS45zi-iktExWmuyHn7/view?usp=drive_link
aws-properties-sagemaker-modelexplainabilityjobdefinition-vpcconfig.md, https://drive.google.com/file/d/1jT6s-TBIbDWnZXRzoA0QDKv5Dc0Jlywe/view?usp=drive_link
aws-properties-sagemaker-model-inferenceexecutionconfig.md, https://drive.google.com/file/d/1eHiu2W_Se8jd81NEqTWD1Dla1PDiO5Ui/view?usp=drive_link
aws-properties-sagemaker-modelpackage-additionalinferencespecificationdefinition.md, https://drive.google.com/file/d/1B5sOrGm9E79bk63L7E0lkjdMdWvJK-oQ/view?usp=drive_link
aws-properties-sagemaker-modelpackage-bias.md, https://drive.google.com/file/d/1trx95uSG9jcabblyh0oZhe6sOCel0lMt/view?usp=drive_link
aws-properties-sagemaker-modelpackage-datasource.md, https://drive.google.com/file/d/1KwJN6mWHpvSzLbgxPlavoX3mWaDs9aTF/view?usp=drive_link
aws-properties-sagemaker-modelpackage-driftcheckbaselines.md, https://drive.google.com/file/d/1HzaTJwlo8AKcdOxW_Mh3DtfmcyDu3RUS/view?usp=drive_link
aws-properties-sagemaker-modelpackage-driftcheckbias.md, https://drive.google.com/file/d/1xSrC0v1i8WP4hU5qHpvUSJ-xZvOO67D9/view?usp=drive_link
aws-properties-sagemaker-modelpackage-driftcheckexplainability.md, https://drive.google.com/file/d/1nQR5ovMQL5CCF55WBvVfdNKLQWZRKBs7/view?usp=drive_link
aws-properties-sagemaker-modelpackage-driftcheckmodeldataquality.md, https://drive.google.com/file/d/1IUDtl9ZGH89gKbu0GrsS_QQLRJuvxQ9g/view?usp=drive_link
aws-properties-sagemaker-modelpackage-driftcheckmodelquality.md, https://drive.google.com/file/d/1oPXdqJlsos5TOuTYsqETDX6mx_jfFiMw/view?usp=drive_link
aws-properties-sagemaker-modelpackage-explainability.md, https://drive.google.com/file/d/1q3eFlRRckCyutcw0a4xyivUq1bq6-qpp/view?usp=drive_link
aws-properties-sagemaker-modelpackage-filesource.md, https://drive.google.com/file/d/1Cvx0M9bSDxfDeI7R9198mKE6rcRUoEPX/view?usp=drive_link
aws-properties-sagemaker-modelpackage-inferencespecification.md, https://drive.google.com/file/d/1gfC1MZGsbteTR7vlMAxFkZ1R5ZY2IEOs/view?usp=drive_link
aws-properties-sagemaker-modelpackage-metadataproperties.md, https://drive.google.com/file/d/1nnAr8aRp_OEcDhtz8F7JTsAJZavXsZDx/view?usp=drive_link
aws-properties-sagemaker-modelpackage-metricssource.md, https://drive.google.com/file/d/1HVnHcG0uLEwhNhv49H1bh0U6uFW8eimz/view?usp=drive_link
aws-properties-sagemaker-modelpackage-modeldataquality.md, https://drive.google.com/file/d/1-l1WRLw784WWCYk7yjCfG5B6ubfl7P15/view?usp=drive_link
aws-properties-sagemaker-modelpackage-modelinput.md, https://drive.google.com/file/d/1AVLrwihPpu0beEYntMnJIgLnLtUrReKT/view?usp=drive_link
aws-properties-sagemaker-modelpackage-modelmetrics.md, https://drive.google.com/file/d/1KfREwEEwHZwOTFwQCCf_9hR_tuKiWhyH/view?usp=drive_link
aws-properties-sagemaker-modelpackage-modelpackagecontainerdefinition.md, https://drive.google.com/file/d/1Mi-7wdAYJxIhsOL28o-pBYRZRKWoBgt_/view?usp=drive_link
aws-properties-sagemaker-modelpackage-modelpackagestatusdetails.md, https://drive.google.com/file/d/1QRRp2hhfgqygdtadjupOIux18e0GltkA/view?usp=drive_link
aws-properties-sagemaker-modelpackage-modelpackagestatusitem.md, https://drive.google.com/file/d/1mCrhTUJVcPo0wfV4cpcNeJ4zhLW8kKHh/view?usp=drive_link
aws-properties-sagemaker-modelpackage-modelquality.md, https://drive.google.com/file/d/1-wuwA5NZEEdR8UMdHZzm5yceBoV6hwMS/view?usp=drive_link
aws-properties-sagemaker-modelpackage-s3datasource.md, https://drive.google.com/file/d/1PZVvfXW0COjVjZc2fdZG74aBrpnAljWX/view?usp=drive_link
aws-properties-sagemaker-modelpackage-sourcealgorithm.md, https://drive.google.com/file/d/1FOXflxzWUJhBZ8D-DrNJ1sY4OzRK9Vt7/view?usp=drive_link
aws-properties-sagemaker-modelpackage-sourcealgorithmspecification.md, https://drive.google.com/file/d/1b-6wzN2ao6HRuQPAQbaJjXTSjtwNA0Gu/view?usp=drive_link
aws-properties-sagemaker-modelpackage-transforminput.md, https://drive.google.com/file/d/1kecILjf3FEOfbJ-CKXEhss1sFA6yBm47/view?usp=drive_link
aws-properties-sagemaker-modelpackage-transformjobdefinition.md, https://drive.google.com/file/d/1SsPWy5VC0jwKjTBgFFE9J46PMt54LQxr/view?usp=drive_link
aws-properties-sagemaker-modelpackage-transformoutput.md, https://drive.google.com/file/d/1Yf3imFFq7RGHQpfvFJ4eCJXNv2sH6YPf/view?usp=drive_link
aws-properties-sagemaker-modelpackage-transformresources.md, https://drive.google.com/file/d/1KjyUdIE0PQ2yiy7oaYCUVvQ-kZYxKPnR/view?usp=drive_link
aws-properties-sagemaker-modelpackage-usercontext.md, https://drive.google.com/file/d/114kOBsCUTJppz1jRhUtiUG_xJI-eBFKg/view?usp=drive_link
aws-properties-sagemaker-modelpackage-validationprofile.md, https://drive.google.com/file/d/1VkJHrj-PBD6P8IGcQbvQgPavSfcn1epW/view?usp=drive_link
aws-properties-sagemaker-modelpackage-validationspecification.md, https://drive.google.com/file/d/1qbRALcYZQ_g-x7NEM2vdbMzGb7iGhdEt/view?usp=drive_link
aws-properties-sagemaker-modelqualityjobdefinition-batchtransforminput.md, https://drive.google.com/file/d/1_0PgN_Nyiu2mTAtSwAoZ43SbaA-0woue/view?usp=drive_link
aws-properties-sagemaker-modelqualityjobdefinition-clusterconfig.md, https://drive.google.com/file/d/1_lgOeFydT0tUQpsnXf8BaGhaastj2jY1/view?usp=drive_link
aws-properties-sagemaker-modelqualityjobdefinition-constraintsresource.md, https://drive.google.com/file/d/1a7v1NeiEIVvrke8p6mnEWxKM8pqR6M1J/view?usp=drive_link
aws-properties-sagemaker-modelqualityjobdefinition-csv.md, https://drive.google.com/file/d/118X0ThVLPlZRaIrz2HKsrJSbV5HdAtzR/view?usp=drive_link
aws-properties-sagemaker-modelqualityjobdefinition-datasetformat.md, https://drive.google.com/file/d/1U8gwpMOZ8vFNTf38nDws5aw0RpesORVu/view?usp=drive_link
aws-properties-sagemaker-modelqualityjobdefinition-endpointinput.md, https://drive.google.com/file/d/1_qeUyD0b_dht3pi56Vi7k8GD5OyMVgIR/view?usp=drive_link
aws-properties-sagemaker-modelqualityjobdefinition-json.md, https://drive.google.com/file/d/14ZBZB5S7vOhXtoi1sLbigNus5OPK3-rj/view?usp=drive_link
aws-properties-sagemaker-modelqualityjobdefinition-modelqualityappspecification.md, https://drive.google.com/file/d/1EWXtZOEvwMklDy2CFbhEmAWPOx7icsLV/view?usp=drive_link
aws-properties-sagemaker-modelqualityjobdefinition-modelqualitybaselineconfig.md, https://drive.google.com/file/d/1a1tKtwoa9Qp5luVR3WBGHQKGtqRspzYL/view?usp=drive_link
aws-properties-sagemaker-modelqualityjobdefinition-modelqualityjobinput.md, https://drive.google.com/file/d/1Sa7wbE15ECUJ-9GTGnMz0u6Li3aj07gZ/view?usp=drive_link
aws-properties-sagemaker-modelqualityjobdefinition-monitoringgroundtruths3input.md, https://drive.google.com/file/d/1_1KXW0hAnxpKua3ALHfkoToJy4hfJRck/view?usp=drive_link
aws-properties-sagemaker-modelqualityjobdefinition-monitoringoutput.md, https://drive.google.com/file/d/1qftM7ly4W-sEA45kMP4wGks-7sLyi57r/view?usp=drive_link
aws-properties-sagemaker-modelqualityjobdefinition-monitoringoutputconfig.md, https://drive.google.com/file/d/1tp92KOC1B-GFzLHV4YJryZ1ZkXm8GHR1/view?usp=drive_link
aws-properties-sagemaker-modelqualityjobdefinition-monitoringresources.md, https://drive.google.com/file/d/1QI5OBp_Jygd4wX9J2gMhpmPYKt06cAP1/view?usp=drive_link
aws-properties-sagemaker-modelqualityjobdefinition-networkconfig.md, https://drive.google.com/file/d/19_lBXhHZfZCfysGeNKCdYxZhevcfaH0T/view?usp=drive_link
aws-properties-sagemaker-modelqualityjobdefinition-s3output.md, https://drive.google.com/file/d/19FFMA0BDOK7FmDDjBPLlbeuvMEkHDBcv/view?usp=drive_link
aws-properties-sagemaker-modelqualityjobdefinition-stoppingcondition.md, https://drive.google.com/file/d/1fZTj_LRfTvwSKuH6wi4PeVxYhnVjsRhD/view?usp=drive_link
aws-properties-sagemaker-modelqualityjobdefinition-vpcconfig.md, https://drive.google.com/file/d/1DAqQ1CE59iTk6J1Xu3DMAs8S8NZDO4F_/view?usp=drive_link
aws-properties-sagemaker-model-vpcconfig.md, https://drive.google.com/file/d/1U6BthsKGhjAOokmzgmL4RmVSnf8wbry7/view?usp=drive_link
aws-properties-sagemaker-monitoringschedule-baselineconfig.md, https://drive.google.com/file/d/10iBwChxQhNKRjR_azOW0TxcaK5W77jw9/view?usp=drive_link
aws-properties-sagemaker-monitoringschedule-batchtransforminput.md, https://drive.google.com/file/d/1wD2RdEltFWAT1sNX_RLCsfgeDsxQR0Dn/view?usp=drive_link
aws-properties-sagemaker-monitoringschedule-clusterconfig.md, https://drive.google.com/file/d/1fg2BObdBlFaS5Om2LeR3p1BsudW9oiOk/view?usp=drive_link
aws-properties-sagemaker-monitoringschedule-constraintsresource.md, https://drive.google.com/file/d/1s-OSfYUDGeSuVUf45R4wIngt0zTy4kFZ/view?usp=drive_link
aws-properties-sagemaker-monitoringschedule-csv.md, https://drive.google.com/file/d/1EEI7JXAI_69-KURGXkHSHZzIlaTX5XdT/view?usp=drive_link
aws-properties-sagemaker-monitoringschedule-datasetformat.md, https://drive.google.com/file/d/1zIPufyam1T6GJSJ1pGtBD2SNttgwrGFv/view?usp=drive_link
aws-properties-sagemaker-monitoringschedule-endpointinput.md, https://drive.google.com/file/d/1oMlKgowXMFps3yb_VZgBFv6KulUr5sM-/view?usp=drive_link
aws-properties-sagemaker-monitoringschedule-json.md, https://drive.google.com/file/d/1xK3LQOE1_aBsowUqPQRde7Z-AI7ziBl3/view?usp=drive_link
aws-properties-sagemaker-monitoringschedule-monitoringappspecification.md, https://drive.google.com/file/d/1bP8QDbwpIcEljn4Nz95ZdFRF1yNLKUeZ/view?usp=drive_link
aws-properties-sagemaker-monitoringschedule-monitoringexecutionsummary.md, https://drive.google.com/file/d/1H_xYRyufdhrJfPP9vUN4TiP_HqOwKqPY/view?usp=drive_link
aws-properties-sagemaker-monitoringschedule-monitoringinput.md, https://drive.google.com/file/d/1GNP3vxhlkBkvDGp_wJyTmBWnel95Xn7S/view?usp=drive_link
aws-properties-sagemaker-monitoringschedule-monitoringjobdefinition.md, https://drive.google.com/file/d/12i_tXj51RldR0FvYhg2cv4bhoIU8hnXa/view?usp=drive_link
aws-properties-sagemaker-monitoringschedule-monitoringoutput.md, https://drive.google.com/file/d/1y5ZaEiR0RhcXrMafKZ27-mQR5yjT_VPO/view?usp=drive_link
aws-properties-sagemaker-monitoringschedule-monitoringoutputconfig.md, https://drive.google.com/file/d/1nhYDf1buD1TBDUUVkGV5alVXwpO-vMdo/view?usp=drive_link
aws-properties-sagemaker-monitoringschedule-monitoringresources.md, https://drive.google.com/file/d/1kZxr_8F2uQCiMP1tO_lEPSCW7c1ZnhRz/view?usp=drive_link
aws-properties-sagemaker-monitoringschedule-monitoringscheduleconfig.md, https://drive.google.com/file/d/13hy_Sc3gyn8qmjHc7tmZbYk9rK1_2-0O/view?usp=drive_link
aws-properties-sagemaker-monitoringschedule-networkconfig.md, https://drive.google.com/file/d/1qvSD8wTZWCYk7vyEkxRQ9xg0mBFbgUhn/view?usp=drive_link
aws-properties-sagemaker-monitoringschedule-s3output.md, https://drive.google.com/file/d/18ACkkG3UotB-57wqo4VrPvEm2vD0wR_-/view?usp=drive_link
aws-properties-sagemaker-monitoringschedule-scheduleconfig.md, https://drive.google.com/file/d/1KU2ZlMjr85aOPHuQT2DhM98MK5bE0WX9/view?usp=drive_link
aws-properties-sagemaker-monitoringschedule-statisticsresource.md, https://drive.google.com/file/d/1TP4os4olteqDYJMPNqLwYh92u6mxxQDW/view?usp=drive_link
aws-properties-sagemaker-monitoringschedule-stoppingcondition.md, https://drive.google.com/file/d/1QnHMg1TeCRuFnz4qyq-rByov-IbGgIMB/view?usp=drive_link
aws-properties-sagemaker-monitoringschedule-vpcconfig.md, https://drive.google.com/file/d/1lYXJ1WBiql1b9pcUI21LuXneAMqgPmxd/view?usp=drive_link
aws-properties-sagemaker-notebookinstance-instancemetadataserviceconfiguration.md, https://drive.google.com/file/d/1-UoUsVKFahmVsuFuyXuKCN_ija5CsnDf/view?usp=drive_link
aws-properties-sagemaker-notebookinstancelifecycleconfig-notebookinstancelifecyclehook.md, https://drive.google.com/file/d/1AxTv2Kjphx59zkDnAsXBHZkTqLP7qrxp/view?usp=drive_link
aws-properties-sagemaker-pipeline-parallelismconfiguration.md, https://drive.google.com/file/d/18067GafEATKAfB7To0QOvMrzDfdMIjcP/view?usp=drive_link
aws-properties-sagemaker-pipeline-pipelinedefinition.md, https://drive.google.com/file/d/1ETAVO6DQQtnbGp-jmisQ5G9JJ26TCwTN/view?usp=drive_link
aws-properties-sagemaker-pipeline-s3location.md, https://drive.google.com/file/d/1TlRIxerp_j2_N-9TjlzXlEUt0B_og_WS/view?usp=drive_link
aws-properties-sagemaker-project-provisioningparameter.md, https://drive.google.com/file/d/1imSw8MfLMDgPs1v_GITlPx0BJdbagB-i/view?usp=drive_link
aws-properties-sagemaker-project-servicecatalogprovisionedproductdetails.md, https://drive.google.com/file/d/1ZvxAIR2iCYFuatISLYt-obpAry_Xj0Ip/view?usp=drive_link
aws-properties-sagemaker-project-servicecatalogprovisioningdetails.md, https://drive.google.com/file/d/1xMiYmqKOSgLBSfmcNfdGSIWvOBln6vLL/view?usp=drive_link
aws-properties-sagemaker-space-customimage.md, https://drive.google.com/file/d/1bXN8_YxdqU5AqIQ5a1SvRQqRdjnLYTVh/view?usp=drive_link
aws-properties-sagemaker-space-jupyterserverappsettings.md, https://drive.google.com/file/d/1dDlNPex8Qj3GV03gVFXMKt6Fzu4NaDQb/view?usp=drive_link
aws-properties-sagemaker-space-kernelgatewayappsettings.md, https://drive.google.com/file/d/1dK0ZCEr_31vHtpkkTEU1NXva62-JAO8p/view?usp=drive_link
aws-properties-sagemaker-space-resourcespec.md, https://drive.google.com/file/d/1mxeZH4Hp7clU4Zqzz_jIGbD7Sr8BshYb/view?usp=drive_link
aws-properties-sagemaker-space-spacesettings.md, https://drive.google.com/file/d/1QQpX3ByehLQyR1ReQW0dEqZR3xTm8hTM/view?usp=drive_link
aws-properties-sagemaker-userprofile-customimage.md, https://drive.google.com/file/d/1WymOJChjuTux2fQJLxDc7OYeuxwTMEB0/view?usp=drive_link
aws-properties-sagemaker-userprofile-jupyterserverappsettings.md, https://drive.google.com/file/d/1Cbbn8D6rruHSs-_JewTTqJYr3R91JuLN/view?usp=drive_link
aws-properties-sagemaker-userprofile-kernelgatewayappsettings.md, https://drive.google.com/file/d/1N70FmLdBZPlQvICIBJFq8bbW_Emj5zJG/view?usp=drive_link
aws-properties-sagemaker-userprofile-resourcespec.md, https://drive.google.com/file/d/1L4baWexretceinWuWLDf-5KO4pejl0BK/view?usp=drive_link
aws-properties-sagemaker-userprofile-rstudioserverproappsettings.md, https://drive.google.com/file/d/1wJvhoOqO1nwOvtU4dqYFDEVhsjHFZOvT/view?usp=drive_link
aws-properties-sagemaker-userprofile-sharingsettings.md, https://drive.google.com/file/d/1UMPbNjd0M9GJP41tb5x2YP8gkU7X7D3a/view?usp=drive_link
aws-properties-sagemaker-userprofile-usersettings.md, https://drive.google.com/file/d/1VgB0MWQKh9iXrb-iShTDiWBZfNH4xCt-/view?usp=drive_link
aws-properties-sagemaker-workteam-cognitomemberdefinition.md, https://drive.google.com/file/d/1JB8phauBz3J_eITKcDmPkKi4Ht0kTcY7/view?usp=drive_link
aws-properties-sagemaker-workteam-memberdefinition.md, https://drive.google.com/file/d/16f67KP9Q_JmuRvm_K8sIfexCc7gggnx2/view?usp=drive_link
aws-properties-sagemaker-workteam-notificationconfiguration.md, https://drive.google.com/file/d/1sz5YaOt70VOB_X2FUqxbkFGVh-UBnZ7s/view?usp=drive_link
aws-properties-sagemaker-workteam-oidcmemberdefinition.md, https://drive.google.com/file/d/15jIyuicF4iBS0p8p0qTmGmL4vmabO3vq/view?usp=drive_link
aws-properties-scheduler-schedule-sagemakerpipelineparameter.md, https://drive.google.com/file/d/18eiV0niEp-CAnb_KfvP3Zb-OGcQSMqiV/view?usp=drive_link
aws-properties-scheduler-schedule-sagemakerpipelineparameters.md, https://drive.google.com/file/d/1WwbNpH_NJ29E7qhZpy2cRg4rBlAy0B7f/view?usp=drive_link
aws-resource-sagemaker-app.md, https://drive.google.com/file/d/1_5M-bPaHbq16apihY6aa_CU5OQlJInZ4/view?usp=drive_link
aws-resource-sagemaker-appimageconfig.md, https://drive.google.com/file/d/17_2bHE1xw-8Fi1BpcN3FiXLPSu6FhUvt/view?usp=drive_link
aws-resource-sagemaker-coderepository.md, https://drive.google.com/file/d/1kiesVV9GN4YC_Yo4y836TKzgya0eof6S/view?usp=drive_link
aws-resource-sagemaker-dataqualityjobdefinition.md, https://drive.google.com/file/d/1fMYMXS6dTW51YgAqZQjmlMxtuX_dtFQ7/view?usp=drive_link
aws-resource-sagemaker-device.md, https://drive.google.com/file/d/1Ll92QqG1t5LaZz1W2jMEtyMOJyFq2VG-/view?usp=drive_link
aws-resource-sagemaker-devicefleet.md, https://drive.google.com/file/d/1QopydpLMYYoPn-LnybXLJlK4bqYUbQFa/view?usp=drive_link
aws-resource-sagemaker-domain.md, https://drive.google.com/file/d/1_lYhIFC-wT73ix38Lq0K4BvQ5gROQwwo/view?usp=drive_link
aws-resource-sagemaker-endpoint.md, https://drive.google.com/file/d/1pjaxvf5hBt00vO2y1wTjW6N31leQ6L_Q/view?usp=drive_link
aws-resource-sagemaker-endpointconfig.md, https://drive.google.com/file/d/1qVvlyq9esEIpsf9dQdTwOMHA0gwGgqPV/view?usp=drive_link
aws-resource-sagemaker-featuregroup.md, https://drive.google.com/file/d/1KRt6C5SC4DuYo1Mzj1yTW3Y1kwSg0n0e/view?usp=drive_link
aws-resource-sagemaker-image.md, https://drive.google.com/file/d/1qK-gNk7dkljTYq5LCoH_ya3mx-feKugV/view?usp=drive_link
aws-resource-sagemaker-imageversion.md, https://drive.google.com/file/d/1qWlTpHAp_DyU3SqegxEFJ0amFXFCNw5Z/view?usp=drive_link
aws-resource-sagemaker-inferenceexperiment.md, https://drive.google.com/file/d/1dL-Ntn7CsCo6FHrpjd2ETNYgefazaFev/view?usp=drive_link
aws-resource-sagemaker-model.md, https://drive.google.com/file/d/1RYIi0BJb50DM6tH9Brn1UtrD1-jdOnXf/view?usp=drive_link
aws-resource-sagemaker-modelbiasjobdefinition.md, https://drive.google.com/file/d/15DCvCTF4S81ZuxfW6uz-ZRoZ8hnYHLnU/view?usp=drive_link
aws-resource-sagemaker-modelcard.md, https://drive.google.com/file/d/16Rfds-pzGDWSahMEK8gG5fL-pbh2kggO/view?usp=drive_link
aws-resource-sagemaker-modelexplainabilityjobdefinition.md, https://drive.google.com/file/d/18XxOYz5WjatxL6TGEixZyBVSca9JsM2Q/view?usp=drive_link
aws-resource-sagemaker-modelpackage.md, https://drive.google.com/file/d/1aYaMV2gUaQgCnckMxX7n8sTy9laUzJvA/view?usp=drive_link
aws-resource-sagemaker-modelpackagegroup.md, https://drive.google.com/file/d/1FjArPc_BgxVXA4NWduf1a4WB9mZAaSG5/view?usp=drive_link
aws-resource-sagemaker-modelqualityjobdefinition.md, https://drive.google.com/file/d/1OHMbJxxgmPBTJ2zGbgNraTnxFYv7W1gn/view?usp=drive_link
aws-resource-sagemaker-monitoringschedule.md, https://drive.google.com/file/d/1BSj1OFJtnYUiYdanzjf4XGVviLC4i2dv/view?usp=drive_link
aws-resource-sagemaker-notebookinstance.md, https://drive.google.com/file/d/1nlz4nwp9o3X7_CMocEv7ichH9finTEl5/view?usp=drive_link
aws-resource-sagemaker-notebookinstancelifecycleconfig.md, https://drive.google.com/file/d/1gHuN8x6rOZfgy19enooEenEaq-DEBuhW/view?usp=drive_link
aws-resource-sagemaker-pipeline.md, https://drive.google.com/file/d/148Q5sey3pE2e0UfgnQppxSRmeWMY439J/view?usp=drive_link
aws-resource-sagemaker-project.md, https://drive.google.com/file/d/14fApv4e8HEsQ6hkoDEcIrNsUzCXaCvMB/view?usp=drive_link
aws-resource-sagemaker-space.md, https://drive.google.com/file/d/1TXZjcFDN_o2uus30FH6v_vVRZn7Etats/view?usp=drive_link
aws-resource-sagemaker-userprofile.md, https://drive.google.com/file/d/1ztgady-7MShA_H4gyXBNbaz1-jPxJr_i/view?usp=drive_link
aws-resource-sagemaker-workteam.md, https://drive.google.com/file/d/1i2gn06_WEe1-n90_PHQ0zcCwRK41LQZv/view?usp=drive_link
common-info-all-sagemaker-models-logs.md, https://drive.google.com/file/d/174nid0qJoFvtXsdrIb0pvhucZDn2kGrG/view?usp=drive_link
connect-sagemaker.md, https://drive.google.com/file/d/1DqbYoIeyuptPamOnmLguwRFu7zvoPkwP/view?usp=drive_link
create-an-iam-role-sagemaker-notebook.md, https://drive.google.com/file/d/1ZtZ5DWxdBOS9g07tu1kJdS2AV9wy45N-/view?usp=drive_link
create-sagemaker-notebook-policy.md, https://drive.google.com/file/d/1B-R4-6yG2oMsBkBk9jr0QCGrpz2NB5TE/view?usp=drive_link
deeplens-getting-started-launch-sagemaker.md, https://drive.google.com/file/d/1UmLkHxfTlLDTaluw9cdL6KesjFwGPvan/view?usp=drive_link
deeplens-headpose-project-train-model-using-sagemaker.md, https://drive.google.com/file/d/1R5D3yuDN0JUrfy0mZm_JFT6tdsnqOvLr/view?usp=drive_link
deeplens-import-from-sagemaker.md, https://drive.google.com/file/d/146zI9aQPMIMFgLOYddqtpgVQaVJSFsWY/view?usp=drive_link
emr-spark-sagemaker.md, https://drive.google.com/file/d/1bWacoCn7C1GqDsALNlLMdSbMbZC-yNIL/view?usp=drive_link
examples-sagemaker.md, https://drive.google.com/file/d/1uPerpaK8Y6K2hwOhjcAiJQpJrdDe1suA/view?usp=drive_link
integrating-sagemaker.md, https://drive.google.com/file/d/1Nm94ikbkH0bZSAKklVvbj5HWXmdpsMF4/view?usp=drive_link
kubernetes-sagemaker-components-for-kubeflow-pipelines.md, https://drive.google.com/file/d/12dOizEMAKr_gO7MImRjBhmSlPyqk1uGC/view?usp=drive_link
kubernetes-sagemaker-components-install.md, https://drive.google.com/file/d/1LI2QKdHemONHII_tBXRJ9R0LlrwRRZq0/view?usp=drive_link
kubernetes-sagemaker-components-tutorials.md, https://drive.google.com/file/d/1gZ9xs2PKBtIkVevfGN4RsI4QgrK7SWzU/view?usp=drive_link
kubernetes-sagemaker-jobs.md, https://drive.google.com/file/d/1Zr6IfpPx3O9Ezi7OGJkN6Ss383KFI6Oi/view?usp=drive_link
kubernetes-sagemaker-operators.md, https://drive.google.com/file/d/1VtF03JmhuKQaWJIM17mYsjfQbROKUcRe/view?usp=drive_link
kubernetes-sagemaker-operators-ack.md, https://drive.google.com/file/d/1ZL9WncMKi3ihRKf8aBNEb1rrRBqFss6C/view?usp=drive_link
kubernetes-sagemaker-operators-end-of-support.md, https://drive.google.com/file/d/1urQdhGvCOLAyZF5XVHWPM0BWF5qR1zmT/view?usp=drive_link
kubernetes-sagemaker-operators-eos-announcement.md, https://drive.google.com/file/d/1XDeeOsPOMp4_FuBgYPPUlg6bTkq55pih/view?usp=drive_link
kubernetes-sagemaker-operators-migrate.md, https://drive.google.com/file/d/1HKBNOKZYghc0lzZoo3stntY-25ULmEQ3/view?usp=drive_link
ml-creating-your-amazon-sagemaker-resource.md, https://drive.google.com/file/d/16hdhn1J-HPS6_lHlm3utC1fXfmY7oNCx/view?usp=drive_link
ml-prepare-your-product-in-sagemaker.md, https://drive.google.com/file/d/1aTyUy6LWIRllIp5cPZQvGYYYGnlLnO7a/view?usp=drive_link
neo-job-compilation-sagemaker-sdk.md, https://drive.google.com/file/d/1GVsPutUgC33RbEePoMH3_lxdzt_vPhfw/view?usp=drive_link
rust_sagemaker_code_examples.md, https://drive.google.com/file/d/1YtnqVI8skAMS1XrDhWtGaKFRvsWxT0py/view?usp=drive_link
sagemaker-algo-common-data-formats.md, https://drive.google.com/file/d/1Si8pRa7Kb8LKLwkPsR9joZ17k9-u1NhM/view?usp=drive_link
sagemaker-algo-docker-registry-paths.md, https://drive.google.com/file/d/1hXjHoFqW-BXRjVpp4HTcS0eVm0VrDNaR/view?usp=drive_link
sagemaker-compliance.md, https://drive.google.com/file/d/1PDwphbNoLPJTeY6mTVHwn-8-2dIK0exk/view?usp=drive_link
sagemaker-controls.md, https://drive.google.com/file/d/1Q5w5Kx61bKLtKK4eV4FymP94DkYuFJp_/view?usp=drive_link
sagemaker-edge-manager-component.md, https://drive.google.com/file/d/1Kmkh2E_sjEenVBN3UKGe90YYq5XoDLwJ/view?usp=drive_link
sagemaker-endpoint-configuration-kms-key-configured.md, https://drive.google.com/file/d/1mH367_D4x4oI6Aef8-IUjqDZKGE2HmXL/view?usp=drive_link
sagemaker-geospatial-roles.md, https://drive.google.com/file/d/1GF0Ih1gr0rBuief43O7AuGQeNRwZxsDn/view?usp=drive_link
sagemaker-iam.md, https://drive.google.com/file/d/1e1k1oHAIPlx2gvvNvcLtOl7IsWgtJrc9/view?usp=drive_link
sagemaker-incident-response.md, https://drive.google.com/file/d/1_iSEb8ixLsHU5UUnnXEaaqwEtb8mBFHi/view?usp=drive_link
sagemaker-marketplace.md, https://drive.google.com/file/d/14k6YYTUkA0Y1riQwJZM4CjbBd5QLWKF4/view?usp=drive_link
sagemaker-marketplace-develop.md, https://drive.google.com/file/d/1RRmO8VQMdVo4d8VywM4ENI0nNB5DPL1b/view?usp=drive_link
sagemaker-marketplace-sell.md, https://drive.google.com/file/d/1nHwDlAsyY7avuZZg9TBpp81ZshOFP8y4/view?usp=drive_link
sagemaker-mkt-algo-train.md, https://drive.google.com/file/d/1_eKV_3woMwpP55FRbpOxBGT1qzYVKxk_/view?usp=drive_link
sagemaker-mkt-algo-tune.md, https://drive.google.com/file/d/1zSeeBGm_60NE0Rey6Aleu3xPNu7bP72G/view?usp=drive_link
sagemaker-mkt-buy.md, https://drive.google.com/file/d/11PRpj5UDP0VGwoKVUXPm7VL9Ev0No4i9/view?usp=drive_link
sagemaker-mkt-create.md, https://drive.google.com/file/d/18UEqpw1BrOr75xUpHXT8S3LfD92B2HIz/view?usp=drive_link
sagemaker-mkt-create-algo.md, https://drive.google.com/file/d/1aizLGJwGOKsADKF5dMMtESJTe6pHQmnR/view?usp=drive_link
sagemaker-mkt-create-model-package.md, https://drive.google.com/file/d/1dU2A-iGsbD-xqtk6bp35kNoBOLNiqjWp/view?usp=drive_link
sagemaker-mkt-find-subscribe.md, https://drive.google.com/file/d/1MJ92TGm5VOYh8O5muEEwqTCOa8mH0zCN/view?usp=drive_link
sagemaker-mkt-list.md, https://drive.google.com/file/d/1AZMEmllC5hT360XJWm8y47puMdUaZABf/view?usp=drive_link
sagemaker-mkt-model-pkg-model.md, https://drive.google.com/file/d/1WfaYrHCeeWEEqmKdKqvr1D-q2gv4MIuo/view?usp=drive_link
sagemaker-notebook-instance-inside-vpc.md, https://drive.google.com/file/d/1F2rLVyCdz6lbgJLoRFmR7JVDO47SwbuZ/view?usp=drive_link
sagemaker-notebook-instance-kms-key-configured.md, https://drive.google.com/file/d/1rgkhGP0PsFZaRJpWuyozRoe8-z9djtjY/view?usp=drive_link
sagemaker-notebook-instance-root-access-check.md, https://drive.google.com/file/d/1WZJrPzO1p-OnKhm76_Ile3NT3DbrSNM2/view?usp=drive_link
sagemaker-notebook-no-direct-internet-access.md, https://drive.google.com/file/d/1wExfRGrB3cNFWVegKySrM3X7yEcEEoAC/view?usp=drive_link
sagemaker-projects.md, https://drive.google.com/file/d/17Rxt_HMn7s4KxFGqOAqgmcc1FzvtnE-X/view?usp=drive_link
sagemaker-projects-create.md, https://drive.google.com/file/d/1K0wX6f8gABOZL8S_VCNDKuPQVRKNQ41X/view?usp=drive_link
sagemaker-projects-delete.md, https://drive.google.com/file/d/1-CV5k7i5m4UJjQy1kv3uMS4UTkBU_KSm/view?usp=drive_link
sagemaker-projects-resources.md, https://drive.google.com/file/d/1y_mtZ72MCX1gQ8azOfziaceW2nFmhBRm/view?usp=drive_link
sagemaker-projects-studio-updates.md, https://drive.google.com/file/d/1VWdaJAcAVnvxPtpgw5rXvwNPHCWc5-AH/view?usp=drive_link
sagemaker-projects-templates.md, https://drive.google.com/file/d/1E1LUirGrxYnZudi1sTtpVJNDYduLYni_/view?usp=drive_link
sagemaker-projects-templates-custom.md, https://drive.google.com/file/d/1ljm_IHxoTLW4KkI9osRYHyGsZ7uHnVU4/view?usp=drive_link
sagemaker-projects-templates-sm.md, https://drive.google.com/file/d/1jCzLeOKqMaaFR5CnXvoOOO8D2ugyk9lk/view?usp=drive_link
sagemaker-projects-update.md, https://drive.google.com/file/d/1fpnstKmp73Sc-zRFm2ioWQ6TGgOz3Hii/view?usp=drive_link
sagemaker-projects-walkthrough.md, https://drive.google.com/file/d/1XJ0nMzYMTRlRNmL9MqbCKSD35BIuqLcb/view?usp=drive_link
sagemaker-projects-walkthrough-3rdgit.md, https://drive.google.com/file/d/19afKdM4I-SeNTRvrQWNGaXJIs3x4M3vP/view?usp=drive_link
sagemaker-projects-whatis.md, https://drive.google.com/file/d/1CkE848hF3fjFZHNKVLuUqbKQC683UScm/view?usp=drive_link
sagemaker-projects-why.md, https://drive.google.com/file/d/1t3xep6sMqMHsg2VjZG5xPmv9tOt5n8c0/view?usp=drive_link
sagemaker-rl-distributed.md, https://drive.google.com/file/d/1dHQ8guE2P-lml17ufqhyQWeriXtjTM0u/view?usp=drive_link
sagemaker-rl-environments.md, https://drive.google.com/file/d/1CmOSz2cIZZpD44IuvgKMrZP1xvJhgFqo/view?usp=drive_link
sagemaker-rl-tuning.md, https://drive.google.com/file/d/1v24dI6PBBJOAaIlKlNqTlSnXQb8HC9_x/view?usp=drive_link
sagemaker-rl-workflow.md, https://drive.google.com/file/d/1DahGEDfATJqD7GB6FidSIt75LP1AruzM/view?usp=drive_link
sagemaker-roles.md, https://drive.google.com/file/d/1tjbbImXw1Qb1mhlZIslT_XkSRVvV-jeD/view?usp=drive_link
services-that-can-integrate-sagemaker.md, https://drive.google.com/file/d/1iPs2mc_ZX50g2B03gXSMo7qN6sh-2KCh/view?usp=drive_link
train-evaluate-models-using-sagemaker-notebook.md, https://drive.google.com/file/d/1_ADcQo3tQ7nRkBzCNZpk7skq7eSfo_wm/view?usp=drive_link
use-sagemaker-edge-manager.md,https://drive.google.com/file/d/18EKEn-ovUgUSlZ8Gi0e0b1FDvn0jORz1/view?usp=drive_link
